name,hours,email
TA01,5,ta01@example.com
TA02,5,ta02@example.com
TA03,1,ta03@example.com
TA04,3,ta04@example.com
TA05,7,ta05@example.com
TA06,5,ta06@example.com
TA07,3,ta07@example.com
TA08,7,ta08@example.com
TA09,3,ta09@example.com
TA10,2,ta10@example.com
TA11,2,ta11@example.com
TA12,3,ta12@example.com
TA13,2,ta13@example.com
TA14,1,ta14@example.com
TA15,3,ta15@example.com
TA16,2,ta16@example.com
TA17,3,ta17@example.com
TA18,1,ta18@example.com
TA19,1,ta19@example.com
TA20,3,ta20@example.com
TA21,7,ta21@example.com
TA22,1,ta22@example.com
TA23,3,ta23@example.com
TA24,5,ta24@example.com
TA25,3,ta25@example.com
TA26,2,ta26@example.com
TA27,7,ta27@example.com
TA28,7,ta28@example.com
TA29,3,ta29@example.com
TA30,1,ta30@example.com
TA31,1,ta31@example.com
TA32,1,ta32@example.com
TA33,5,ta33@example.com
TA34,1,ta34@example.com
TA35,7,ta35@example.com
TA36,3,ta36@example.com
TA37,2,ta37@example.com
TA38,3,ta38@example.com
TA39,1,ta39@example.com
TA40,3,ta40@example.com
